-- =====================================================================
-- seed.sql — NOVA-CX demo data (M1)
--   1 tenant · 7 roles + permissions · 7 users (1/role) · teams + members
--   employees · customer_assignments (effective-dated + เคสย้ายทีม)
--   customers/contacts · sales leads/opps · survey templates A/B/C/D (versioned JSON)
--
-- หมายเหตุ: auth_user_id เป็น UUID placeholder — ต้องผูกกับ Supabase Auth จริง
--           ผ่านหน้า Admin/สคริปต์ภายหลัง (M1 ยังไม่มีหน้า login)
-- รันผ่าน `supabase db reset` (postgres bypass RLS) หรือ service-role
-- =====================================================================

-- ---------- Tenant ----------
insert into public.tenants (id, name, status) values
  ('11111111-1111-1111-1111-111111111111', 'Finovas Accounting', 'active');

-- ---------- Roles (7) ----------
insert into public.roles (id, tenant_id, code, name) values
  ('20000000-0000-0000-0000-000000000001','11111111-1111-1111-1111-111111111111','executive','ผู้บริหาร'),
  ('20000000-0000-0000-0000-000000000002','11111111-1111-1111-1111-111111111111','acc_lead','หัวหน้าทีมบัญชี'),
  ('20000000-0000-0000-0000-000000000003','11111111-1111-1111-1111-111111111111','accountant','นักบัญชี'),
  ('20000000-0000-0000-0000-000000000004','11111111-1111-1111-1111-111111111111','sales_lead','หัวหน้าฝ่ายขาย'),
  ('20000000-0000-0000-0000-000000000005','11111111-1111-1111-1111-111111111111','sales','เซลล์'),
  ('20000000-0000-0000-0000-000000000006','11111111-1111-1111-1111-111111111111','cs','Customer Service'),
  ('20000000-0000-0000-0000-000000000007','11111111-1111-1111-1111-111111111111','admin','ผู้ดูแลระบบ');

-- ---------- Permissions (catalog) ----------
insert into public.permissions (id, tenant_id, code, resource, action, description) values
  ('80000000-0000-0000-0000-000000000001','11111111-1111-1111-1111-111111111111','survey.read','survey','read','ดูแบบประเมิน/แคมเปญ'),
  ('80000000-0000-0000-0000-000000000002','11111111-1111-1111-1111-111111111111','survey.manage','survey','manage','จัดการแบบประเมิน/แคมเปญ'),
  ('80000000-0000-0000-0000-000000000003','11111111-1111-1111-1111-111111111111','feedback.read','feedback','read','อ่าน feedback ตามสิทธิ์'),
  ('80000000-0000-0000-0000-000000000004','11111111-1111-1111-1111-111111111111','customer_identity.read','customer_identity','read','เข้าถึงตัวตนลูกค้า'),
  ('80000000-0000-0000-0000-000000000005','11111111-1111-1111-1111-111111111111','case.read','case','read','ดูเคส'),
  ('80000000-0000-0000-0000-000000000006','11111111-1111-1111-1111-111111111111','case.manage','case','manage','จัดการเคส'),
  ('80000000-0000-0000-0000-000000000007','11111111-1111-1111-1111-111111111111','dashboard.read','dashboard','read','ดู dashboard'),
  ('80000000-0000-0000-0000-000000000008','11111111-1111-1111-1111-111111111111','report.read','report','read','ดู/ส่งออกรายงาน'),
  ('80000000-0000-0000-0000-000000000009','11111111-1111-1111-1111-111111111111','admin.manage','admin','manage','จัดการระบบ/master data');

-- ---------- Role → Permission (scope ตาม Permission Matrix §15) ----------
insert into public.role_permissions (tenant_id, role_id, permission_id, scope)
select '11111111-1111-1111-1111-111111111111', rp.role_id::uuid, rp.permission_id::uuid, rp.scope
from (values
  -- executive: เห็นทั้ง tenant
  ('20000000-0000-0000-0000-000000000001','80000000-0000-0000-0000-000000000001','all'),
  ('20000000-0000-0000-0000-000000000001','80000000-0000-0000-0000-000000000003','all'),
  ('20000000-0000-0000-0000-000000000001','80000000-0000-0000-0000-000000000004','all'),
  ('20000000-0000-0000-0000-000000000001','80000000-0000-0000-0000-000000000005','all'),
  ('20000000-0000-0000-0000-000000000001','80000000-0000-0000-0000-000000000007','all'),
  ('20000000-0000-0000-0000-000000000001','80000000-0000-0000-0000-000000000008','all'),
  -- acc_lead: ทีม
  ('20000000-0000-0000-0000-000000000002','80000000-0000-0000-0000-000000000001','team'),
  ('20000000-0000-0000-0000-000000000002','80000000-0000-0000-0000-000000000003','team'),
  ('20000000-0000-0000-0000-000000000002','80000000-0000-0000-0000-000000000004','team'),
  ('20000000-0000-0000-0000-000000000002','80000000-0000-0000-0000-000000000005','team'),
  ('20000000-0000-0000-0000-000000000002','80000000-0000-0000-0000-000000000006','team'),
  ('20000000-0000-0000-0000-000000000002','80000000-0000-0000-0000-000000000007','team'),
  ('20000000-0000-0000-0000-000000000002','80000000-0000-0000-0000-000000000008','team'),
  -- accountant: own (ไม่เห็นตัวตนลูกค้า)
  ('20000000-0000-0000-0000-000000000003','80000000-0000-0000-0000-000000000003','own'),
  ('20000000-0000-0000-0000-000000000003','80000000-0000-0000-0000-000000000005','own'),
  ('20000000-0000-0000-0000-000000000003','80000000-0000-0000-0000-000000000007','own'),
  ('20000000-0000-0000-0000-000000000003','80000000-0000-0000-0000-000000000008','own'),
  -- sales_lead: ทีม
  ('20000000-0000-0000-0000-000000000004','80000000-0000-0000-0000-000000000001','team'),
  ('20000000-0000-0000-0000-000000000004','80000000-0000-0000-0000-000000000003','team'),
  ('20000000-0000-0000-0000-000000000004','80000000-0000-0000-0000-000000000004','team'),
  ('20000000-0000-0000-0000-000000000004','80000000-0000-0000-0000-000000000005','team'),
  ('20000000-0000-0000-0000-000000000004','80000000-0000-0000-0000-000000000007','team'),
  ('20000000-0000-0000-0000-000000000004','80000000-0000-0000-0000-000000000008','team'),
  -- sales: own
  ('20000000-0000-0000-0000-000000000005','80000000-0000-0000-0000-000000000003','own'),
  ('20000000-0000-0000-0000-000000000005','80000000-0000-0000-0000-000000000005','own'),
  ('20000000-0000-0000-0000-000000000005','80000000-0000-0000-0000-000000000007','own'),
  ('20000000-0000-0000-0000-000000000005','80000000-0000-0000-0000-000000000008','own'),
  -- cs: assigned (own) + จัดการเคส + ตัวตนลูกค้าเท่าที่จำเป็น
  ('20000000-0000-0000-0000-000000000006','80000000-0000-0000-0000-000000000003','own'),
  ('20000000-0000-0000-0000-000000000006','80000000-0000-0000-0000-000000000004','own'),
  ('20000000-0000-0000-0000-000000000006','80000000-0000-0000-0000-000000000005','own'),
  ('20000000-0000-0000-0000-000000000006','80000000-0000-0000-0000-000000000006','own'),
  ('20000000-0000-0000-0000-000000000006','80000000-0000-0000-0000-000000000007','own'),
  -- admin: manage ทั้งหมด
  ('20000000-0000-0000-0000-000000000007','80000000-0000-0000-0000-000000000001','all'),
  ('20000000-0000-0000-0000-000000000007','80000000-0000-0000-0000-000000000002','all'),
  ('20000000-0000-0000-0000-000000000007','80000000-0000-0000-0000-000000000003','all'),
  ('20000000-0000-0000-0000-000000000007','80000000-0000-0000-0000-000000000004','all'),
  ('20000000-0000-0000-0000-000000000007','80000000-0000-0000-0000-000000000005','all'),
  ('20000000-0000-0000-0000-000000000007','80000000-0000-0000-0000-000000000006','all'),
  ('20000000-0000-0000-0000-000000000007','80000000-0000-0000-0000-000000000007','all'),
  ('20000000-0000-0000-0000-000000000007','80000000-0000-0000-0000-000000000008','all'),
  ('20000000-0000-0000-0000-000000000007','80000000-0000-0000-0000-000000000009','all')
) as rp(role_id, permission_id, scope);

-- ---------- Employees ----------
-- 30..02 = นักบัญชีปัจจุบันของ cust1 ; 30..03 = นักบัญชีเก่า (ย้ายทีมออก)
insert into public.employees (id, tenant_id, first_name, nickname, position, employee_type) values
  ('30000000-0000-0000-0000-000000000001','11111111-1111-1111-1111-111111111111','สมชาย','พี่ชาย','หัวหน้าทีมบัญชี','accountant'),
  ('30000000-0000-0000-0000-000000000002','11111111-1111-1111-1111-111111111111','สมหญิง','หญิง','นักบัญชี','accountant'),
  ('30000000-0000-0000-0000-000000000003','11111111-1111-1111-1111-111111111111','อดีต','เก่า','นักบัญชี (ย้ายทีม)','accountant'),
  ('30000000-0000-0000-0000-000000000004','11111111-1111-1111-1111-111111111111','มานะ','นะ','หัวหน้าฝ่ายขาย','sales'),
  ('30000000-0000-0000-0000-000000000005','11111111-1111-1111-1111-111111111111','วิภา','ภา','เซลล์','sales'),
  ('30000000-0000-0000-0000-000000000006','11111111-1111-1111-1111-111111111111','ปิติ','ติ','Customer Service','cs');

-- ---------- Teams ----------
insert into public.teams (id, tenant_id, name, type, lead_employee_id) values
  ('40000000-0000-0000-0000-000000000001','11111111-1111-1111-1111-111111111111','ทีมบัญชี A','accounting','30000000-0000-0000-0000-000000000001'),
  ('40000000-0000-0000-0000-000000000002','11111111-1111-1111-1111-111111111111','ทีมขาย','sales','30000000-0000-0000-0000-000000000004');

-- ---------- Team members (effective-dated) ----------
insert into public.team_members (tenant_id, team_id, employee_id, role_in_team, valid_from, valid_to) values
  ('11111111-1111-1111-1111-111111111111','40000000-0000-0000-0000-000000000001','30000000-0000-0000-0000-000000000001','lead','2025-01-01',null),
  ('11111111-1111-1111-1111-111111111111','40000000-0000-0000-0000-000000000001','30000000-0000-0000-0000-000000000002','member','2025-07-01',null),
  -- นักบัญชีเก่าอยู่ทีมนี้ถึง 2025-06-30 แล้วย้ายออก
  ('11111111-1111-1111-1111-111111111111','40000000-0000-0000-0000-000000000001','30000000-0000-0000-0000-000000000003','member','2025-01-01','2025-06-30'),
  ('11111111-1111-1111-1111-111111111111','40000000-0000-0000-0000-000000000002','30000000-0000-0000-0000-000000000004','lead','2025-01-01',null),
  ('11111111-1111-1111-1111-111111111111','40000000-0000-0000-0000-000000000002','30000000-0000-0000-0000-000000000005','member','2025-01-01',null);

-- ---------- Users (1/role) — auth_user_id เป็น placeholder ----------
insert into public.users (id, tenant_id, auth_user_id, employee_id, role_id, email, is_active) values
  ('50000000-0000-0000-0000-000000000001','11111111-1111-1111-1111-111111111111','60000000-0000-0000-0000-000000000001',null,                                     '20000000-0000-0000-0000-000000000001','executive@finovas.demo',true),
  ('50000000-0000-0000-0000-000000000002','11111111-1111-1111-1111-111111111111','60000000-0000-0000-0000-000000000002','30000000-0000-0000-0000-000000000001','20000000-0000-0000-0000-000000000002','acc.lead@finovas.demo',true),
  ('50000000-0000-0000-0000-000000000003','11111111-1111-1111-1111-111111111111','60000000-0000-0000-0000-000000000003','30000000-0000-0000-0000-000000000002','20000000-0000-0000-0000-000000000003','accountant@finovas.demo',true),
  ('50000000-0000-0000-0000-000000000004','11111111-1111-1111-1111-111111111111','60000000-0000-0000-0000-000000000004','30000000-0000-0000-0000-000000000004','20000000-0000-0000-0000-000000000004','sales.lead@finovas.demo',true),
  ('50000000-0000-0000-0000-000000000005','11111111-1111-1111-1111-111111111111','60000000-0000-0000-0000-000000000005','30000000-0000-0000-0000-000000000005','20000000-0000-0000-0000-000000000005','sales@finovas.demo',true),
  ('50000000-0000-0000-0000-000000000006','11111111-1111-1111-1111-111111111111','60000000-0000-0000-0000-000000000006','30000000-0000-0000-0000-000000000006','20000000-0000-0000-0000-000000000006','cs@finovas.demo',true),
  ('50000000-0000-0000-0000-000000000007','11111111-1111-1111-1111-111111111111','60000000-0000-0000-0000-000000000007',null,                                     '20000000-0000-0000-0000-000000000007','admin@finovas.demo',true);

-- ---------- Customers ----------
insert into public.customers (id, tenant_id, customer_code, name, business_name, service_start_date, status) values
  ('70000000-0000-0000-0000-000000000001','11111111-1111-1111-1111-111111111111','C-0001','บริษัท ก จำกัด','ก การบัญชี','2025-01-15','active'),
  ('70000000-0000-0000-0000-000000000002','11111111-1111-1111-1111-111111111111','C-0002','บริษัท ข จำกัด','ข พาณิชย์','2025-03-01','active');

-- ---------- Customer contacts (PII เข้ารหัสระดับแอป — seed เป็น placeholder ciphertext) ----------
insert into public.customer_contacts (tenant_id, customer_id, name, phone_enc, email_enc, is_primary) values
  ('11111111-1111-1111-1111-111111111111','70000000-0000-0000-0000-000000000001','คุณเอ','enc:placeholder-phone-1','enc:placeholder-email-1',true),
  ('11111111-1111-1111-1111-111111111111','70000000-0000-0000-0000-000000000002','คุณบี','enc:placeholder-phone-2','enc:placeholder-email-2',true);

-- ---------- Customer assignments (effective-dated) ★ เคสพิเศษ: เปลี่ยนผู้ดูแลกลางรอบ ----------
-- cust1: A1 (เก่า) ดูแล 2025-01-15..2025-06-30 → A2 (ปัจจุบัน) ตั้งแต่ 2025-07-01
insert into public.customer_assignments (tenant_id, customer_id, employee_id, team_id, role, valid_from, valid_to) values
  ('11111111-1111-1111-1111-111111111111','70000000-0000-0000-0000-000000000001','30000000-0000-0000-0000-000000000003','40000000-0000-0000-0000-000000000001','member','2025-01-15','2025-06-30'),
  ('11111111-1111-1111-1111-111111111111','70000000-0000-0000-0000-000000000001','30000000-0000-0000-0000-000000000002','40000000-0000-0000-0000-000000000001','member','2025-07-01',null),
  -- cust2: A2 ดูแลปัจจุบัน
  ('11111111-1111-1111-1111-111111111111','70000000-0000-0000-0000-000000000002','30000000-0000-0000-0000-000000000002','40000000-0000-0000-0000-000000000001','member','2025-03-01',null),
  -- assignment ฝ่ายขาย (เพื่อ scope เซลล์)
  ('11111111-1111-1111-1111-111111111111','70000000-0000-0000-0000-000000000001','30000000-0000-0000-0000-000000000005','40000000-0000-0000-0000-000000000002','member','2025-01-10',null);

-- ---------- Sales ----------
-- lead a..01 = Won → ผูก customer_id (cust1) ; lead a..02 = Lost → customer_id null
insert into public.sales_leads (id, tenant_id, customer_id, owner_employee_id, name, source, status) values
  ('a0000000-0000-0000-0000-000000000001','11111111-1111-1111-1111-111111111111','70000000-0000-0000-0000-000000000001','30000000-0000-0000-0000-000000000005','ลูกค้าเป้าหมาย ค','facebook','converted'),
  ('a0000000-0000-0000-0000-000000000002','11111111-1111-1111-1111-111111111111',null,'30000000-0000-0000-0000-000000000005','ลูกค้าเป้าหมาย ง','line','disqualified');

insert into public.sales_opportunities (id, tenant_id, customer_id, lead_id, sales_employee_id, stage, amount, status, closed_at) values
  ('b0000000-0000-0000-0000-000000000001','11111111-1111-1111-1111-111111111111','70000000-0000-0000-0000-000000000001','a0000000-0000-0000-0000-000000000001','30000000-0000-0000-0000-000000000005','closed_won',30000.00,'won','2025-01-10 10:00+07'),
  ('b0000000-0000-0000-0000-000000000002','11111111-1111-1111-1111-111111111111','70000000-0000-0000-0000-000000000002','a0000000-0000-0000-0000-000000000002','30000000-0000-0000-0000-000000000005','closed_lost',0,'lost','2025-02-20 15:00+07');

insert into public.sales_status_history (tenant_id, opportunity_id, from_status, to_status) values
  ('11111111-1111-1111-1111-111111111111','b0000000-0000-0000-0000-000000000001','open','won'),
  ('11111111-1111-1111-1111-111111111111','b0000000-0000-0000-0000-000000000002','open','lost');

-- ---------- Survey templates A/B/C/D ----------
insert into public.survey_templates (id, tenant_id, survey_type, name, is_active) values
  ('c0000000-0000-0000-0000-00000000000A','11111111-1111-1111-1111-111111111111','A','แบบประเมินสำนักงาน (ราย 3 เดือน)',true),
  ('c0000000-0000-0000-0000-00000000000B','11111111-1111-1111-1111-111111111111','B','แบบประเมินนักบัญชี (รายเดือน)',true),
  ('c0000000-0000-0000-0000-00000000000C','11111111-1111-1111-1111-111111111111','C','แบบประเมินเซลล์ (ปิดการขายได้)',true),
  ('c0000000-0000-0000-0000-00000000000D','11111111-1111-1111-1111-111111111111','D','แบบประเมินเซลล์ (ปิดการขายไม่ได้)',true);

-- ---------- Survey versions (versioned JSON schema + conditional rules) ----------
insert into public.survey_versions (id, tenant_id, template_id, version_no, published_at, schema_json) values
(
  'd0000000-0000-0000-0000-00000000000A','11111111-1111-1111-1111-111111111111','c0000000-0000-0000-0000-00000000000A',1, now(),
  '{
    "type":"A","title":"แบบประเมินสำนักงาน","estimated_minutes":2,
    "sections":[
      {"code":"ref","title":"ข้อมูลอ้างอิง","auto_fill":true},
      {"code":"ratings","title":"ให้คะแนนการบริการ (1–5)","questions":[
        {"code":"acc_correct","text":"ความถูกต้องของงาน","type":"rating","scale":5},
        {"code":"acc_timely","text":"ความตรงต่อเวลา","type":"rating","scale":5},
        {"code":"acc_comm","text":"การสื่อสาร/ตอบกลับ","type":"rating","scale":5},
        {"code":"acc_knowledge","text":"ความเชี่ยวชาญ","type":"rating","scale":5},
        {"code":"acc_proactive","text":"ความใส่ใจเชิงรุก","type":"rating","scale":5},
        {"code":"acc_clarity","text":"ความชัดเจนของค่าใช้จ่าย","type":"rating","scale":5},
        {"code":"acc_docs","text":"การจัดการเอกสาร","type":"rating","scale":5},
        {"code":"acc_advice","text":"คำแนะนำที่เป็นประโยชน์","type":"rating","scale":5},
        {"code":"acc_problem","text":"การแก้ปัญหา","type":"rating","scale":5},
        {"code":"acc_overall","text":"ความพึงพอใจโดยรวม","type":"rating","scale":5}
      ]},
      {"code":"problems","title":"ปัญหาที่พบ","questions":[
        {"code":"problems","text":"ปัญหาที่พบ (เลือกได้หลายข้อ)","type":"multi","options":[
          {"value":"none","label":"ยังไม่พบปัญหา","is_exclusive":true},
          {"value":"wrong_work","label":"งานผิด"},
          {"value":"slow","label":"ตอบช้า"},
          {"value":"unclear_cost","label":"ค่าใช้จ่ายไม่ชัด"}
        ]}
      ]},
      {"code":"loyalty","title":"ความภักดี","questions":[
        {"code":"nps","text":"แนะนำเราให้คนอื่นแค่ไหน (0–10)","type":"nps"},
        {"code":"continue","text":"แนวโน้มใช้บริการต่อ","type":"single","options":[
          {"value":"yes","label":"ใช้ต่อแน่นอน"},{"value":"maybe","label":"ไม่แน่ใจ"},{"value":"no","label":"อาจยกเลิก"}
        ]}
      ]},
      {"code":"contact","title":"การติดต่อกลับ","questions":[
        {"code":"want_callback","text":"ต้องการให้ทีมติดต่อกลับหรือไม่","type":"single","options":[
          {"value":"yes","label":"ต้องการ"},{"value":"no","label":"ไม่ต้องการ"}
        ]}
      ]}
    ],
    "exclusive_option":"none",
    "conditional_rules":[
      {"when":{"question":"*rating","op":">=","value":4},"then":{"followup":"PRAISE","text":"สิ่งที่เราทำได้ดี?"}},
      {"when":{"question":"*rating","op":"==","value":3},"then":{"followup":"IMPROVE","text":"เรื่องที่อยากให้ปรับปรุง?"}},
      {"when":{"question":"*rating","op":"<=","value":2},"then":{"followup":"ROOT_CAUSE","offer_callback":true}},
      {"when":{"question":"problems","includes":"wrong_work"},"then":{"ask":["ประเภทงาน?","วันที่?","รายละเอียด?"]}},
      {"when":{"question":"problems","includes":"slow"},"then":{"ask":["รอนานเท่าใด?"]}},
      {"when":{"question":"problems","includes":"unclear_cost"},"then":{"ask":["รายการใด?"]}}
    ]
  }'::jsonb
),
(
  'd0000000-0000-0000-0000-00000000000B','11111111-1111-1111-1111-111111111111','c0000000-0000-0000-0000-00000000000B',1, now(),
  '{
    "type":"B","title":"แบบประเมินนักบัญชี","estimated_minutes":2,
    "subject_selection":{"modes":["lead","member","team","unknown"],"show_assignee_snapshot":true},
    "question_sets":{
      "lead":[
        {"code":"lead_leadership","text":"ภาวะผู้นำ","type":"rating","scale":5},
        {"code":"lead_comm","text":"การสื่อสาร","type":"rating","scale":5},
        {"code":"lead_support","text":"การสนับสนุนทีม","type":"rating","scale":5},
        {"code":"lead_reliability","text":"ความน่าเชื่อถือ","type":"rating","scale":5},
        {"code":"lead_problem","text":"การแก้ปัญหา","type":"rating","scale":5},
        {"code":"lead_followup","text":"การติดตามงาน","type":"rating","scale":5},
        {"code":"lead_overall","text":"ความพึงพอใจโดยรวม","type":"rating","scale":5}
      ],
      "member":[
        {"code":"mem_correct","text":"ความถูกต้อง","type":"rating","scale":5},
        {"code":"mem_timely","text":"ความตรงเวลา","type":"rating","scale":5},
        {"code":"mem_comm","text":"การสื่อสาร","type":"rating","scale":5},
        {"code":"mem_knowledge","text":"ความเชี่ยวชาญ","type":"rating","scale":5},
        {"code":"mem_care","text":"ความใส่ใจ","type":"rating","scale":5},
        {"code":"mem_proactive","text":"ความเชิงรุก","type":"rating","scale":5},
        {"code":"mem_docs","text":"การจัดการเอกสาร","type":"rating","scale":5},
        {"code":"mem_advice","text":"คำแนะนำ","type":"rating","scale":5},
        {"code":"mem_problem","text":"การแก้ปัญหา","type":"rating","scale":5},
        {"code":"mem_overall","text":"ความพึงพอใจโดยรวม","type":"rating","scale":5}
      ]
    },
    "open_questions":[{"code":"open_feedback","text":"ความเห็นเพิ่มเติม","type":"open"}],
    "conditional_rules":[
      {"when":{"question":"*rating","op":">=","value":4},"then":{"followup":"PRAISE"}},
      {"when":{"question":"*rating","op":"==","value":3},"then":{"followup":"IMPROVE"}},
      {"when":{"question":"*rating","op":"<=","value":2},"then":{"followup":"ROOT_CAUSE","offer_callback":true}},
      {"when":{"intent":"reassign"},"then":{"route_to":"team_lead","create_case":"reassign_request"}}
    ]
  }'::jsonb
),
(
  'd0000000-0000-0000-0000-00000000000C','11111111-1111-1111-1111-111111111111','c0000000-0000-0000-0000-00000000000C',1, now(),
  '{
    "type":"C","title":"แบบประเมินเซลล์ (ปิดการขายได้)","estimated_minutes":2,
    "sections":[
      {"code":"ratings","title":"ให้คะแนน (1–5)","questions":[
        {"code":"sale_understand","text":"เข้าใจความต้องการ","type":"rating","scale":5},
        {"code":"sale_clarity","text":"ความชัดเจนของข้อเสนอ/ราคา","type":"rating","scale":5},
        {"code":"sale_response","text":"ความรวดเร็วในการตอบ","type":"rating","scale":5},
        {"code":"sale_trust","text":"ความน่าเชื่อถือ","type":"rating","scale":5},
        {"code":"sale_knowledge","text":"ความรู้ในบริการ","type":"rating","scale":5},
        {"code":"sale_care","text":"ความใส่ใจ","type":"rating","scale":5},
        {"code":"sale_followup","text":"การติดตาม","type":"rating","scale":5},
        {"code":"sale_honesty","text":"ความตรงไปตรงมา","type":"rating","scale":5},
        {"code":"sale_process","text":"ความราบรื่นของขั้นตอน","type":"rating","scale":5},
        {"code":"sale_overall","text":"ความพึงพอใจโดยรวม","type":"rating","scale":5}
      ]},
      {"code":"open","questions":[
        {"code":"over_promise","text":"มีการรับปากเกินใบเสนอราคาหรือไม่","type":"open"}
      ]},
      {"code":"reasons","questions":[
        {"code":"buy_reasons","text":"เหตุผลที่ตัดสินใจซื้อ (เลือกได้หลายข้อ)","type":"multi","options":[
          {"value":"price","label":"ราคา"},{"value":"trust","label":"ความน่าเชื่อถือ"},
          {"value":"service","label":"บริการ"},{"value":"recommend","label":"มีคนแนะนำ"}
        ]}
      ]}
    ],
    "conditional_rules":[
      {"when":{"question":"*rating","op":">=","value":4},"then":{"followup":"PRAISE"}},
      {"when":{"question":"*rating","op":"<=","value":2},"then":{"followup":"ROOT_CAUSE"}},
      {"when":{"question":"over_promise","not_empty":true},"then":{"flag":"over_promise_signal"}}
    ]
  }'::jsonb
),
(
  'd0000000-0000-0000-0000-00000000000D','11111111-1111-1111-1111-111111111111','c0000000-0000-0000-0000-00000000000D',1, now(),
  '{
    "type":"D","title":"แบบประเมินเซลล์ (ปิดการขายไม่ได้)","estimated_minutes":1,
    "intro":"ขอบคุณที่ให้โอกาสเราค่ะ ขอความเห็นสั้น ๆ เพื่อพัฒนาบริการ",
    "sections":[
      {"code":"core","questions":[
        {"code":"lost_clarity","text":"ข้อเสนอชัดเจนหรือไม่","type":"rating","scale":5},
        {"code":"lost_response","text":"การตอบกลับรวดเร็วหรือไม่","type":"rating","scale":5},
        {"code":"lost_understand","text":"เราเข้าใจความต้องการหรือไม่","type":"rating","scale":5},
        {"code":"lost_price","text":"ความเหมาะสมของราคา","type":"rating","scale":5},
        {"code":"lost_overall","text":"ความประทับใจโดยรวม","type":"rating","scale":5}
      ]},
      {"code":"reasons","questions":[
        {"code":"lost_reason","text":"เหตุผลหลักที่ยังไม่ตัดสินใจ","type":"single","options":[
          {"value":"price","label":"ราคา"},{"value":"timing","label":"ยังไม่พร้อม"},
          {"value":"competitor","label":"เลือกเจ้าอื่น"},{"value":"scope","label":"บริการไม่ตรงความต้องการ"}
        ]},
        {"code":"reconsider","text":"สิ่งที่ปรับแล้วจะพิจารณาใหม่","type":"open"},
        {"code":"contact_pref","text":"ระดับการอนุญาตให้ติดต่อ","type":"single","options":[
          {"value":"ok","label":"ติดต่อได้"},
          {"value":"later","label":"ติดต่อภายหลัง"},
          {"value":"dnc","label":"ไม่ต้องการรับการติดต่ออีก"}
        ]}
      ]}
    ],
    "conditional_rules":[
      {"when":{"question":"contact_pref","op":"==","value":"dnc"},"then":{"action":"add_do_not_contact","source":"form_D","stop_automation":true}}
    ]
  }'::jsonb
);

-- ---------- Survey questions (normalized — เฉพาะ template A เป็นตัวอย่าง) ----------
insert into public.survey_questions (tenant_id, version_id, code, text, type, order_no) values
  ('11111111-1111-1111-1111-111111111111','d0000000-0000-0000-0000-00000000000A','acc_correct','ความถูกต้องของงาน','rating',1),
  ('11111111-1111-1111-1111-111111111111','d0000000-0000-0000-0000-00000000000A','acc_timely','ความตรงต่อเวลา','rating',2),
  ('11111111-1111-1111-1111-111111111111','d0000000-0000-0000-0000-00000000000A','acc_comm','การสื่อสาร/ตอบกลับ','rating',3),
  ('11111111-1111-1111-1111-111111111111','d0000000-0000-0000-0000-00000000000A','acc_overall','ความพึงพอใจโดยรวม','rating',10),
  ('11111111-1111-1111-1111-111111111111','d0000000-0000-0000-0000-00000000000A','problems','ปัญหาที่พบ','multi',11),
  ('11111111-1111-1111-1111-111111111111','d0000000-0000-0000-0000-00000000000A','nps','แนะนำเราให้คนอื่น (0–10)','nps',12);

insert into public.survey_question_options (tenant_id, question_id, value, label, is_exclusive, order_no)
select '11111111-1111-1111-1111-111111111111', q.id, o.value, o.label, o.is_exclusive, o.order_no
from public.survey_questions q
cross join (values
  ('none','ยังไม่พบปัญหา',true,0),
  ('wrong_work','งานผิด',false,1),
  ('slow','ตอบช้า',false,2),
  ('unclear_cost','ค่าใช้จ่ายไม่ชัด',false,3)
) as o(value,label,is_exclusive,order_no)
where q.code = 'problems' and q.version_id = 'd0000000-0000-0000-0000-00000000000A';

-- ---------- Feedback catalog ----------
insert into public.feedback_categories (tenant_id, code, label) values
  ('11111111-1111-1111-1111-111111111111','service_quality','คุณภาพงาน'),
  ('11111111-1111-1111-1111-111111111111','communication','การสื่อสาร'),
  ('11111111-1111-1111-1111-111111111111','pricing','ค่าใช้จ่าย'),
  ('11111111-1111-1111-1111-111111111111','cancel_risk','เสี่ยงยกเลิก');

insert into public.feedback_tags (tenant_id, code, label) values
  ('11111111-1111-1111-1111-111111111111','praise','คำชม'),
  ('11111111-1111-1111-1111-111111111111','complaint','ร้องเรียน'),
  ('11111111-1111-1111-1111-111111111111','request','คำขอ');

-- ---------- Cron health ----------
-- (ย้ายไป migration 0024 แล้ว — ใช้ชื่อ job จริง process-notifications/process-ai
--  + on conflict do nothing; seed ไม่ต้อง insert ซ้ำ)
